educationattainment,%16-18,16-18,%19-21,19-21,%22-24,22-24,%Total,Total
Total,100.0,1815,100.0,3902,100.0,4897,100.0,10614.0
No Diploma,50.46831955922865,916,28.498206048180418,1112,27.547478047784356,1349,31.816468814772943,3377.0
HS Diploma or GED,43.03030303030303,781,55.7662737057919,2176,43.598121298754336,2135,47.974373469003204,5092.0
"Some College, No Degree",6.501377410468319,118,13.352127114300357,521,20.420665713702267,1000,15.441869229319765,1639.0
Degree (Associate or Higher),0.0,0,2.383393131727319,93,8.433734939759036,413,4.767288486904088,506.0
